<?xml version="1.0" encoding="UTF-8"?>
<objectListWrapper>
  <objects>
      <objectContainer>
         <project>
            <name>[uc-acmeSystem3 v1.0] Example BP</name>
            <description/>
            <author>workfusion</author>
            <runs>
               <run>
                  <campaign>
                     <active>true</active>
                     <businessRules/>
                     <campaignMaps>
                        <campaignMap>
                           <activateTracking>false</activateTracking>
                           <businessRule>
                              <content>#RuleContext.APPROVE_ALL_RULE</content>
                              <name>Approve All</name>
                              <ruleType>WORKFLOW_RULE</ruleType>
                              <ruleTypeUI>Composite</ruleTypeUI>
                              <uuid>0a1c556d-78c3-46ec-a090-e75dbab79ebf</uuid>
                              <workflowRuleMode>SIMPLE</workflowRuleMode>
                           </businessRule>
                           <campaign>
                              <active>true</active>
                              <businessRules/>
                              <campaignMaps/>
                              <campaigns/>
                              <createNewTrainingSet>false</createNewTrainingSet>
                              <executingType>MACHINE</executingType>
                              <includeOriginalData>false</includeOriginalData>
                              <machineConfig>
                                 <answers/>
                                 <content></content>
                                 <gavc>com.acmeSystem3:acmeSystem3-bcb:1.0:main:example-bot</gavc>
                                 <includedConfigs/>
                                 <inclusionCode>com.acmeSystem3:acmeSystem3-bcb:1.0:main:example-bot</inclusionCode>
                                 <machineWorkSetting>
                                    <category>
                                       <automation>false</automation>
                                       <description/>
                                       <enabled>true</enabled>
                                       <executingType>MACHINE</executingType>
                                       <name>Other</name>
                                       <private>false</private>
                                       <publicId>dd92f240-144b-4fef-8476-4ec0acbc1105</publicId>
                                    </category>
                                    <contentType>BLANK</contentType>
                                    <description/>
                                    <enabled>true</enabled>
                                    <name>Miscellaneous Tasks</name>
                                    <publicId>26e6e095-00bb-43fa-8c34-af0b18e71ac9</publicId>
                                    <version>
                                       <lastModified>2022-04-07T15:50:09.803Z</lastModified>
                                       <componentUuid>26e6e095-00bb-43fa-8c34-af0b18e71ac9</componentUuid>
                                       <incrementalVersion>1.0</incrementalVersion>
                                       <lastInChain>true</lastInChain>
                                       <versionUuid>70584e22-8dcf-4753-893e-7a282d227eaa</versionUuid>
                                    </version>
                                    <answers/>
                                    <machineWorkSettingType>BASIC</machineWorkSettingType>
                                    <template>
                                       <content>&lt;?xml version="1.0" encoding="UTF-8"?&gt;
&lt;config charset="UTF-8"&gt;
	&lt;export include-original-data="true"&gt;
	&lt;/export&gt;
&lt;/config&gt;</content>
                                       <name>Blank</name>
                                       <origination>CREATED_MANUALLY</origination>
                                       <status>ACTIVE</status>
                                       <type>BASE_MACHINE</type>
                                       <uuid>8f04bd99-7f51-4796-a528-d1a7c9ccfbc4</uuid>
                                       <version>
                                          <lastModified>2022-04-07T15:50:09.803Z</lastModified>
                                          <componentUuid>8f04bd99-7f51-4796-a528-d1a7c9ccfbc4</componentUuid>
                                          <incrementalVersion>1.0</incrementalVersion>
                                          <lastInChain>false</lastInChain>
                                          <versionUuid>87c28ec9-8903-466d-81bd-2bd070fdc230</versionUuid>
                                       </version>
                                    </template>
                                 </machineWorkSetting>
                                 <machineWorkSettingType>BASIC</machineWorkSettingType>
                                 <name>acmeSystem3-bcb v1.0 (example-bot)</name>
                                 <machineConfigOptions/>
                                 <sourceType>BUNDLE</sourceType>
                                 <template>
                                    <content>&lt;?xml version="1.0" encoding="UTF-8"?&gt;
&lt;config charset="UTF-8"&gt;
	&lt;export include-original-data="true"&gt;
	&lt;/export&gt;
&lt;/config&gt;</content>
                                    <name>Blank</name>
                                    <origination>CREATED_MANUALLY</origination>
                                    <status>ACTIVE</status>
                                    <type>BASE_MACHINE</type>
                                    <uuid>8f04bd99-7f51-4796-a528-d1a7c9ccfbc4</uuid>
                                    <version>
                                       <lastModified>2022-04-07T15:50:09.803Z</lastModified>
                                       <componentUuid>8f04bd99-7f51-4796-a528-d1a7c9ccfbc4</componentUuid>
                                       <incrementalVersion>1.0</incrementalVersion>
                                       <lastInChain>false</lastInChain>
                                       <versionUuid>87c28ec9-8903-466d-81bd-2bd070fdc230</versionUuid>
                                    </version>
                                 </template>
                                 <uuid>e6948f3c-0b24-407b-aa2d-a5adbff6c67d</uuid>
                                 <version>
                                    <lastModified>2022-04-08T14:52:54.707Z</lastModified>
                                    <componentUuid>548d6615-2dc0-4b16-b976-dc827c256d08</componentUuid>
                                    <incrementalVersion>1.0</incrementalVersion>
                                    <lastInChain>true</lastInChain>
                                    <versionUuid>6e064f23-ea4f-4acc-a2e8-e9d384aa662e</versionUuid>
                                 </version>
                              </machineConfig>
                              <origination>CREATED_AUTOMATICALLY</origination>
                              <requiresData>true</requiresData>
                              <status>ACTIVE</status>
                              <streamComplexRunThreshold>1</streamComplexRunThreshold>
                              <streamTimeInterval>Immediately</streamTimeInterval>
                              <streamTimeIntervalValue>0</streamTimeIntervalValue>
                              <streamValueType>Tasks</streamValueType>
                              <title>acmeSystem3-bcb v1.0 (example-bot)</title>
                              <type>SINGLE</type>
                              <uuid>b88912ef-f64a-4c06-af7e-a0493d051ff1</uuid>
                              <validWorkflow>false</validWorkflow>
                              <version>
                                 <lastModified>2022-04-08T14:52:54.740Z</lastModified>
                                 <componentUuid>269ca825-b82c-455e-adbf-0a3ff2afb502</componentUuid>
                                 <incrementalVersion>1.0</incrementalVersion>
                                 <lastInChain>true</lastInChain>
                                 <versionUuid>205f82bd-aca3-4d47-9539-d8d0ca3b48e0</versionUuid>
                              </version>
                              <workSettingBase>false</workSettingBase>
                              <goldRatio>0</goldRatio>
                              <goldBucketBlockSize>0</goldBucketBlockSize>
                              <goldSource>Empty</goldSource>
                              <goldType>Percentage</goldType>
                              <moderation>false</moderation>
                           </campaign>
                           <deleted>false</deleted>
                           <lastModifiedAudit>
                              <lastModified>2022-04-08T14:58:21.280Z</lastModified>
                           </lastModifiedAudit>
                           <skipForSTPCalculation>false</skipForSTPCalculation>
                           <stepIndex>1</stepIndex>
                           <stepPosition>START</stepPosition>
                           <streamed>false</streamed>
                           <uuid>f149c7f5-d750-421b-9080-1c2ea24484aa</uuid>
                           <blockSize>1</blockSize>
                        </campaignMap>
                        <campaignMap>
                           <activateTracking>false</activateTracking>
                           <businessRule>
                              <content>package com.freedomoss.requester;

#list any import classes here.
import com.freedomoss.objective.model.CompositeRuleContext;
import com.freedomoss.objective.model.CompositeRuleDataItemContext;
import com.freedomoss.requester.model.AwsHitQuestionItem;
import com.freedomoss.requester.model.AwsHitQuestionAnswerItem;
import org.slf4j.Logger;
import java.util.Map;
import java.util.Iterator;
import java.util.List;
import java.util.Set;
import java.util.ArrayList;
import com.freedomoss.requester.dto.SubmissionResultDTO;

#declare any global variables here
global CompositeRuleContext source
global Logger log
global Map params



rule "Rule context initialization"
auto-focus true
no-loop
dialect "mvel"
agenda-group "initialization-group"
	when
		$ctx:CompositeRuleContext(initialized == false);
	then
		$ctx.updateWorkingMemory();
		# move to business rules
		$ctx.logExecutedRule(kcontext.getRule().getName());
		kcontext.getKnowledgeRuntime().getAgenda().getAgendaGroup("calculation").setFocus();
end</content>
                              <name>Business Process: End Rule</name>
                              <ruleType>WORKFLOW_RULE</ruleType>
                              <uuid>20b6191c-1d50-489c-b053-1b3895fbeb5g</uuid>
                              <workflowRuleMode>ADVANCED</workflowRuleMode>
                           </businessRule>
                           <campaign>
                              <active>false</active>
                              <businessRules/>
                              <campaignMaps/>
                              <campaigns/>
                              <createNewTrainingSet>false</createNewTrainingSet>
                              <executingType>MACHINE</executingType>
                              <includeOriginalData>false</includeOriginalData>
                              <machineConfig>
                                 <answers/>
                                 <content>&lt;?xml version="1.0" encoding="UTF-8"?&gt;
&lt;config charset="UTF-8"&gt;

    &lt;var-def name="exportType"&gt;
        &lt;case&gt;
            &lt;if condition='${sys.isVariableDefined("_sys_export_type")}'&gt;
                &lt;template&gt;${_sys_export_type}&lt;/template&gt;
            &lt;/if&gt;
        &lt;/case&gt;
    &lt;/var-def&gt;

    &lt;var-def name="exportColumns"&gt;
        &lt;case&gt;
            &lt;if condition='${sys.isVariableDefined("_sys_export_columns")}'&gt;
                &lt;template&gt;${_sys_export_columns}&lt;/template&gt;
            &lt;/if&gt;
            &lt;else&gt;&lt;/else&gt;
        &lt;/case&gt;
    &lt;/var-def&gt;

    &lt;var-def name="columnNameCase"&gt;
        &lt;case&gt;
            &lt;if condition='${sys.isVariableDefined("_sys_column_name_case")}'&gt;
                &lt;template&gt;${_sys_column_name_case}&lt;/template&gt;
            &lt;/if&gt;
            &lt;else&gt;keep&lt;/else&gt;
        &lt;/case&gt;
    &lt;/var-def&gt;

    &lt;var-def name="dataOnly"&gt;
        &lt;case&gt;
            &lt;if condition='${sys.isVariableDefined("_sys_data_only")}'&gt;
                &lt;template&gt;${_sys_data_only}&lt;/template&gt;
            &lt;/if&gt;
            &lt;else&gt;true&lt;/else&gt;
        &lt;/case&gt;
    &lt;/var-def&gt;

    &lt;var-def name="datastoreName"&gt;
        &lt;script return="item.getWrappedObject().getRun().getDatastoreName()" /&gt;
    &lt;/var-def&gt;
    &lt;case&gt;
        &lt;if condition="${!datastoreName.isEmpty()}"&gt;
            &lt;insert-datastore   datastore-name="${datastoreName}" create="true"&gt;
                &lt;script return="hit_submission_data_item.getWrappedObject().getItemValueMap()"/&gt;
            &lt;/insert-datastore&gt;
        &lt;/if&gt;
    &lt;/case&gt;

    &lt;export include-original-data="true"
            export-type="${exportType}"
            export-columns="${exportColumns}"
            column-name-case="${columnNameCase}"
            &gt;
    &lt;/export&gt;
&lt;/config&gt;</content>
                                 <description>Default machine campaign for end step.</description>
                                 <includedConfigs/>
                                 <inclusionCode>9e5000e3-c243-42d3-b5ad-c6ac90dec35e</inclusionCode>
                                 <machineWorkSetting>
                                    <category>
                                       <automation>false</automation>
                                       <description/>
                                       <enabled>true</enabled>
                                       <executingType>MACHINE</executingType>
                                       <name>Other</name>
                                       <private>false</private>
                                       <publicId>dd92f240-144b-4fef-8476-4ec0acbc1105</publicId>
                                    </category>
                                    <contentType>BLANK</contentType>
                                    <description/>
                                    <enabled>true</enabled>
                                    <name>Miscellaneous Tasks</name>
                                    <publicId>26e6e095-00bb-43fa-8c34-af0b18e71ac9</publicId>
                                    <version>
                                       <lastModified>2022-04-07T15:50:09.803Z</lastModified>
                                       <componentUuid>26e6e095-00bb-43fa-8c34-af0b18e71ac9</componentUuid>
                                       <incrementalVersion>1.0</incrementalVersion>
                                       <lastInChain>true</lastInChain>
                                       <versionUuid>70584e22-8dcf-4753-893e-7a282d227eaa</versionUuid>
                                    </version>
                                    <answers/>
                                    <machineWorkSettingType>BASIC</machineWorkSettingType>
                                    <template>
                                       <content>&lt;?xml version="1.0" encoding="UTF-8"?&gt;
&lt;config charset="UTF-8"&gt;
	&lt;export include-original-data="true"&gt;
	&lt;/export&gt;
&lt;/config&gt;</content>
                                       <name>Blank</name>
                                       <origination>CREATED_MANUALLY</origination>
                                       <status>ACTIVE</status>
                                       <type>BASE_MACHINE</type>
                                       <uuid>8f04bd99-7f51-4796-a528-d1a7c9ccfbc4</uuid>
                                       <version>
                                          <lastModified>2022-04-07T15:50:09.803Z</lastModified>
                                          <componentUuid>8f04bd99-7f51-4796-a528-d1a7c9ccfbc4</componentUuid>
                                          <incrementalVersion>1.0</incrementalVersion>
                                          <lastInChain>false</lastInChain>
                                          <versionUuid>87c28ec9-8903-466d-81bd-2bd070fdc230</versionUuid>
                                       </version>
                                    </template>
                                 </machineWorkSetting>
                                 <name>Final Results</name>
                                 <machineConfigOptions/>
                                 <sourceType>MANUAL</sourceType>
                                 <template>
                                    <content>&lt;?xml version="1.0" encoding="UTF-8"?&gt;
&lt;config charset="UTF-8"&gt;
	&lt;export include-original-data="true"&gt;
	&lt;/export&gt;
&lt;/config&gt;</content>
                                    <name>Blank</name>
                                    <origination>CREATED_MANUALLY</origination>
                                    <status>ACTIVE</status>
                                    <type>BASE_MACHINE</type>
                                    <uuid>8f04bd99-7f51-4796-a528-d1a7c9ccfbc4</uuid>
                                    <version>
                                       <lastModified>2022-04-07T15:50:09.803Z</lastModified>
                                       <componentUuid>8f04bd99-7f51-4796-a528-d1a7c9ccfbc4</componentUuid>
                                       <incrementalVersion>1.0</incrementalVersion>
                                       <lastInChain>false</lastInChain>
                                       <versionUuid>87c28ec9-8903-466d-81bd-2bd070fdc230</versionUuid>
                                    </version>
                                 </template>
                                 <uuid>9e5000e3-c243-42d3-b5ad-c6ac90dec35e</uuid>
                                 <version>
                                    <lastModified>2022-04-07T15:50:09.803Z</lastModified>
                                    <componentUuid>9e5000e3-c243-42d3-b5ad-c6ac90dec35e</componentUuid>
                                    <incrementalVersion>1.0</incrementalVersion>
                                    <lastInChain>true</lastInChain>
                                    <versionUuid>9cde7f27-2fef-4227-963a-a1fd394eaa44</versionUuid>
                                 </version>
                              </machineConfig>
                              <origination>CREATED_AUTOMATICALLY</origination>
                              <requiresData>true</requiresData>
                              <status>ACTIVE</status>
                              <streamComplexRunThreshold>100</streamComplexRunThreshold>
                              <streamTimeInterval>Immediately</streamTimeInterval>
                              <streamTimeIntervalValue>0</streamTimeIntervalValue>
                              <streamValueType>Percents</streamValueType>
                              <title>Final Results</title>
                              <type>SINGLE</type>
                              <uuid>af4c8905-26dd-4120-b208-39ad3530ffc6</uuid>
                              <validWorkflow>false</validWorkflow>
                              <version>
                                 <lastModified>2022-04-07T15:50:09.803Z</lastModified>
                                 <componentUuid>9f6a0dc2-8693-11e7-be4e-06d2c080f20b</componentUuid>
                                 <incrementalVersion>1.0</incrementalVersion>
                                 <lastInChain>false</lastInChain>
                                 <versionUuid>61950047-ed36-453d-bfca-961cd3223d02</versionUuid>
                              </version>
                              <workSettingBase>false</workSettingBase>
                              <goldRatio>0</goldRatio>
                              <goldBucketBlockSize>0</goldBucketBlockSize>
                              <goldSource>Empty</goldSource>
                              <goldType>Percentage</goldType>
                              <moderation>false</moderation>
                           </campaign>
                           <deleted>false</deleted>
                           <lastModifiedAudit>
                              <lastModified>2022-04-08T14:58:21.280Z</lastModified>
                           </lastModifiedAudit>
                           <skipForSTPCalculation>false</skipForSTPCalculation>
                           <stepIndex>2</stepIndex>
                           <stepPosition>END</stepPosition>
                           <streamed>false</streamed>
                           <uuid>008056bf-dbbc-4ab1-f774-9dbcad2547e9</uuid>
                           <blockSize>1</blockSize>
                        </campaignMap>
                     </campaignMaps>
                     <campaigns/>
                     <compositeStructureXml>&lt;mxGraphModel&gt;
  &lt;root&gt;
    &lt;mxCell id="0"/&gt;
    &lt;mxCell id="1" parent="0"/&gt;
    &lt;Start id="2" name="Start" type="start"&gt;
      &lt;mxCell parent="1" style="start" vertex="1"&gt;
        &lt;mxGeometry as="geometry" height="32.0" width="32.0" x="220.0" y="180.0"/&gt;
      &lt;/mxCell&gt;
    &lt;/Start&gt;
    &lt;End campaignMapUUID="008056bf-dbbc-4ab1-f774-9dbcad2547e9" id="3" name="End" type="end"&gt;
      &lt;mxCell parent="1" style="end" vertex="1"&gt;
        &lt;mxGeometry as="geometry" height="32.0" width="32.0" x="524.0" y="180.0"/&gt;
      &lt;/mxCell&gt;
    &lt;/End&gt;
    &lt;MachineTask campaignMapUUID="f149c7f5-d750-421b-9080-1c2ea24484aa" id="4" name="acmeSystem3-bcb v1.0 (example-bot)" taskUUID="b88912ef-f64a-4c06-af7e-a0493d051ff1" type="machine_task"&gt;
      &lt;mxCell parent="1" style="machine_task" vertex="1"&gt;
        &lt;mxGeometry as="geometry" height="60.0" width="160.0" x="310.0" y="166.0"/&gt;
      &lt;/mxCell&gt;
    &lt;/MachineTask&gt;
    &lt;Link id="5" name="" type="link"&gt;
      &lt;mxCell edge="1" parent="1" source="2" style="link" target="4"&gt;
        &lt;mxGeometry as="geometry" relative="1" x="0.5" y="10.0"/&gt;
      &lt;/mxCell&gt;
    &lt;/Link&gt;
    &lt;Link id="6" name="" outcome="ApproveAll" outcomeId="ApproveAll" ruleUUID="0a1c556d-78c3-46ec-a090-e75dbab79ebf" type="link"&gt;
      &lt;mxCell edge="1" parent="1" source="4" style="link" target="3"&gt;
        &lt;mxGeometry as="geometry" relative="1" x="0.5" y="10.0"/&gt;
      &lt;/mxCell&gt;
    &lt;/Link&gt;
  &lt;/root&gt;
&lt;/mxGraphModel&gt;</compositeStructureXml>
                     <createNewTrainingSet>false</createNewTrainingSet>
                     <description>Business Process description</description>
                     <executingType>COMPOSITE</executingType>
                     <includeOriginalData>false</includeOriginalData>
                     <origination>CREATED_AUTOMATICALLY</origination>
                     <requiresData>false</requiresData>
                     <status>ACTIVE</status>
                     <streamComplexRunThreshold>1</streamComplexRunThreshold>
                     <streamTimeInterval>Immediately</streamTimeInterval>
                     <streamTimeIntervalValue>0</streamTimeIntervalValue>
                     <streamValueType>Tasks</streamValueType>
                     <title>[uc-acmeSystem3 v1.0] Example BP</title>
                     <type>COMPOSITE</type>
                     <uuid>aed0a6f4-372f-4c7f-8ccf-1e05bc450c08</uuid>
                     <validWorkflow>true</validWorkflow>
                     <version>
                        <lastModified>2022-04-08T14:58:21.280Z</lastModified>
                        <componentUuid>4472f95e-3367-4c3d-a4dd-4227efbc986a</componentUuid>
                        <incrementalVersion>1.14</incrementalVersion>
                        <lastInChain>true</lastInChain>
                        <versionUuid>ed3016cd-83be-4085-9621-2da8a823063a</versionUuid>
                     </version>
                     <workSettingBase>false</workSettingBase>
                     <goldRatio>0</goldRatio>
                     <goldBucketBlockSize>0</goldBucketBlockSize>
                     <goldSource>Empty</goldSource>
                     <goldType>Percentage</goldType>
                     <compositeCampaignVersion>NEW_WORKFLOW</compositeCampaignVersion>
                     <compositeCampaignVersion>NEW_WORKFLOW</compositeCampaignVersion>
                  </campaign>
                  <description>
                     <automationType>NONE</automationType>
                     <goldRun>false</goldRun>
                     <qualificationTraining>false</qualificationTraining>
                     <snapshotType>CSV</snapshotType>
                     <streamingValue>1</streamingValue>
                     <streamingValueType>Tasks</streamingValueType>
                     <taskParams>{"values":{"NAME":"acmeSystem3-bcb v1.0 (example-bot)"}}</taskParams>
                     <uploadResultsType>CREATE</uploadResultsType>
                     <dynamicTaskRenderingDisabled>true</dynamicTaskRenderingDisabled>
                  </description>
                  <executingType>MACHINE</executingType>
                  <forceComplete>false</forceComplete>
                  <forceCompleteIdleTime>0</forceCompleteIdleTime>
                  <forceCompletePercent>100</forceCompletePercent>
                  <lastModified>2022-04-08T14:58:52.447Z</lastModified>
                  <mainRows>1</mainRows>
                  <purged>false</purged>
                  <recordProcessingStatus>COMPLETED</recordProcessingStatus>
                  <recursiveCount>1</recursiveCount>
                  <rootRunUUID>0fd52856-a4d1-410e-9014-720acb7c5dbb</rootRunUUID>
                  <runType>SIMPLE</runType>
                  <tags/>
                  <title>acmeSystem3-bcb v1.0 (example-bot)</title>
                  <uuid>0fd52856-a4d1-410e-9014-720acb7c5dbb</uuid>
                  <mixStrategy>
                     <additionalRows>0</additionalRows>
                     <goldItemSize>0</goldItemSize>
                     <goldPercentage>0</goldPercentage>
                     <mainRows>0</mainRows>
                     <repeated>false</repeated>
                     <blockSize>1</blockSize>
                  </mixStrategy>
                  <blockSize>1</blockSize>
               </run>
            </runs>
            <automationUseCases/>
            <automationInfo/>
         </project>
         <hashCode>381778349</hashCode>
      </objectContainer>
  </objects>
</objectListWrapper>